{
    "githubUsername": "anly1998",
    "blogTitle": "Anly",
    "blogDescribe": "欢迎来到璃安猫的个人博客。",
    "htmlTitle": "璃安猫的博客",
    "fontColor": "#ffffff",
    "useBackgroundImage": false,
    "backgroundColorLeft": "#2690F9",
    "backgroundColorRight": "#FC2D2D",
    "VblogUrl": "",
    "VblogSource": "",
    "musicAutoPlay": false,
    "mini": false,
    "webSites":[
        {"name":"v2ex" , "url":"https://www.v2ex.com/member/laziji"}
    ],
    "token": ""
}